id,serviceArea,serviceAreaDisplayName,urls,ips,tcpPorts,udpPorts,expressRoute,category,required,notes
1,Exchange,"Exchange Online","outlook.office.com,outlook.office365.com","13.107.6.152/31,13.107.18.10/31,13.107.128.0/22,23.103.160.0/20,40.96.0.0/13,40.104.0.0/15,52.96.0.0/14,131.253.33.215/32,132.245.0.0/16,150.171.32.0/22,191.234.140.0/22,204.79.197.215/32,2603:1006::/40,2603:1016::/36,2603:1026::/36,2603:1036::/36,2603:1046::/36,2603:1056::/36,2603:1096::/38,2603:1096:400::/40,2603:1096:600::/40,2603:1096:a00::/39,2603:1096:c00::/40,2603:10a6:200::/40,2603:10a6:400::/40,2603:10a6:600::/40,2603:10a6:800::/40,2603:10d6:200::/40,2620:1ec:4::152/128,2620:1ec:4::153/128,2620:1ec:c::10/128,2620:1ec:c::11/128,2620:1ec:d::10/128,2620:1ec:d::11/128,2620:1ec:8f0::/46,2620:1ec:900::/46,2620:1ec:a92::152/128,2620:1ec:a92::153/128,2a01:111:f400::/48","80,443",,True,Optimize,True,
2,Exchange,"Exchange Online","smtp.office365.com","13.107.6.152/31,13.107.18.10/31,13.107.128.0/22,23.103.160.0/20,40.96.0.0/13,40.104.0.0/15,52.96.0.0/14,131.253.33.215/32,132.245.0.0/16,150.171.32.0/22,191.234.140.0/22,204.79.197.215/32,2603:1006::/40,2603:1016::/36,2603:1026::/36,2603:1036::/36,2603:1046::/36,2603:1056::/36,2603:1096::/38,2603:1096:400::/40,2603:1096:600::/40,2603:1096:a00::/39,2603:1096:c00::/40,2603:10a6:200::/40,2603:10a6:400::/40,2603:10a6:600::/40,2603:10a6:800::/40,2603:10d6:200::/40,2620:1ec:4::152/128,2620:1ec:4::153/128,2620:1ec:c::10/128,2620:1ec:c::11/128,2620:1ec:d::10/128,2620:1ec:d::11/128,2620:1ec:8f0::/46,2620:1ec:900::/46,2620:1ec:a92::152/128,2620:1ec:a92::153/128,2a01:111:f400::/48","587",,True,Allow,True,
3,Exchange,"Exchange Online","r1.res.office365.com,r3.res.office365.com,r4.res.office365.com",,"80,443",,False,Default,True,
5,Exchange,"Exchange Online","*.outlook.office.com,outlook.office365.com","13.107.6.152/31,13.107.18.10/31,13.107.128.0/22,23.103.160.0/20,40.96.0.0/13,40.104.0.0/15,52.96.0.0/14,131.253.33.215/32,132.245.0.0/16,150.171.32.0/22,191.234.140.0/22,204.79.197.215/32,2603:1006::/40,2603:1016::/36,2603:1026::/36,2603:1036::/36,2603:1046::/36,2603:1056::/36,2603:1096::/38,2603:1096:400::/40,2603:1096:600::/40,2603:1096:a00::/39,2603:1096:c00::/40,2603:10a6:200::/40,2603:10a6:400::/40,2603:10a6:600::/40,2603:10a6:800::/40,2603:10d6:200::/40,2620:1ec:4::152/128,2620:1ec:4::153/128,2620:1ec:c::10/128,2620:1ec:c::11/128,2620:1ec:d::10/128,2620:1ec:d::11/128,2620:1ec:8f0::/46,2620:1ec:900::/46,2620:1ec:a92::152/128,2620:1ec:a92::153/128,2a01:111:f400::/48","143,993",,True,Allow,False,"Exchange Online IMAP4 migration"
6,Exchange,"Exchange Online","*.outlook.office.com,outlook.office365.com","13.107.6.152/31,13.107.18.10/31,13.107.128.0/22,23.103.160.0/20,40.96.0.0/13,40.104.0.0/15,52.96.0.0/14,131.253.33.215/32,132.245.0.0/16,150.171.32.0/22,191.234.140.0/22,204.79.197.215/32,2603:1006::/40,2603:1016::/36,2603:1026::/36,2603:1036::/36,2603:1046::/36,2603:1056::/36,2603:1096::/38,2603:1096:400::/40,2603:1096:600::/40,2603:1096:a00::/39,2603:1096:c00::/40,2603:10a6:200::/40,2603:10a6:400::/40,2603:10a6:600::/40,2603:10a6:800::/40,2603:10d6:200::/40,2620:1ec:4::152/128,2620:1ec:4::153/128,2620:1ec:c::10/128,2620:1ec:c::11/128,2620:1ec:d::10/128,2620:1ec:d::11/128,2620:1ec:8f0::/46,2620:1ec:900::/46,2620:1ec:a92::152/128,2620:1ec:a92::153/128,2a01:111:f400::/48","995",,True,Allow,False,"Exchange Online POP3 migration"
8,Exchange,"Exchange Online","*.outlook.com,*.outlook.office.com,attachments.office.net",,"80,443",,False,Default,True,
9,Exchange,"Exchange Online","*.protection.outlook.com","40.92.0.0/15,40.107.0.0/16,52.100.0.0/14,52.238.78.88/32,104.47.0.0/17,2a01:111:f403::/48","443",,True,Allow,True,
10,Exchange,"Exchange Online","*.mail.protection.outlook.com","40.92.0.0/15,40.107.0.0/16,52.100.0.0/14,104.47.0.0/17,2a01:111:f400::/48,2a01:111:f403::/48","25",,True,Allow,True,
40,Common,"Microsoft 365 Common and Office Online","ajax.aspnetcdn.com,r3.res.outlook.com,spoprod-a.akamaihd.net",,"443",,False,Default,False,"Office 365 Video CDNs"
41,Common,"Microsoft 365 Common and Office Online","*.api.microsoftstream.com,*.notification.api.microsoftstream.com,amp.azure.net,api.microsoftstream.com,az416426.vo.msecnd.net,s0.assets-yammer.com,vortex.data.microsoft.com,web.microsoftstream.com",,"443",,False,Default,False,"Microsoft Stream"
42,Common,"Microsoft 365 Common and Office Online","amsglob0cdnstream11.azureedge.net,amsglob0cdnstream12.azureedge.net",,"443",,False,Default,False,"Microsoft Stream CDN"
43,Common,"Microsoft 365 Common and Office Online","nps.onyx.azure.net",,"443",,False,Default,False,"Microsoft Stream 3rd party integration (including CDNs)"
44,Common,"Microsoft 365 Common and Office Online","*.azureedge.net,*.media.azure.net,*.streaming.mediaservices.windows.net",,"443",,False,Default,False,"Microsoft Stream - unauthenticated"
45,Common,"Microsoft 365 Common and Office Online","*.keydelivery.mediaservices.windows.net,*.streaming.mediaservices.windows.net",,"443",,False,Default,False,"Office 365 Video"
46,Common,"Microsoft 365 Common and Office Online","*.online.office.com,*broadcast.officeapps.live.com,*excel.officeapps.live.com,*onenote.officeapps.live.com,*powerpoint.officeapps.live.com,*rtc.officeapps.live.com,*shared.officeapps.live.com,*view.officeapps.live.com,*visio.officeapps.live.com,*word-edit.officeapps.live.com,*word-view.officeapps.live.com,office.live.com","13.107.6.171/32,13.107.140.6/32,52.108.0.0/14,52.238.106.116/32,52.247.150.191/32,2603:1010:2::cb/128,2603:1010:200::c7/128,2603:1020:200::682f:a0fd/128,2603:1020:201:9::c6/128,2603:1020:600::a1/128,2603:1020:700::a2/128,2603:1020:800:2::6/128,2603:1020:900::8/128,2603:1030:7::749/128,2603:1030:800:5::bfee:ad3c/128,2603:1030:f00::17/128,2603:1030:1000::21a/128,2603:1040:200::4f3/128,2603:1040:401::762/128,2603:1040:601::60f/128,2603:1040:a01::1e/128,2603:1040:c01::28/128,2603:1040:e00:1::2f/128,2603:1040:f00::1f/128,2603:1050:1::cd/128,2620:1ec:8fc::6/128,2620:1ec:a92::171/128,2a01:111:f100:2000::a83e:3019/128,2a01:111:f100:2002::8975:2d79/128,2a01:111:f100:2002::8975:2da8/128,2a01:111:f100:7000::6fdd:6cd5/128,2a01:111:f100:a004::bfeb:88cf/128","443",,True,Allow,True,
47,Common,"Microsoft 365 Common and Office Online","*.cdn.office.net,contentstorage.osi.office.net",,"443",,False,Default,True,
49,Common,"Microsoft 365 Common and Office Online","*.onenote.com",,"443",,False,Default,True,
50,Common,"Microsoft 365 Common and Office Online","*.microsoft.com,*.msecnd.net,*.office.net",,"443",,False,Default,False,"OneNote notebooks (wildcards)"
51,Common,"Microsoft 365 Common and Office Online","*cdn.onenote.net",,"443",,False,Default,True,
52,Common,"Microsoft 365 Common and Office Online","ad.atdmt.com,s.ytimg.com,www.youtube.com",,"443",,False,Default,False,"OneNote 3rd party supporting services and CDNs"
53,Common,"Microsoft 365 Common and Office Online","ajax.aspnetcdn.com,apis.live.net,cdn.optimizely.com,officeapps.live.com,www.onedrive.com",,"443",,False,Default,True,
54,Common,"Microsoft 365 Common and Office Online","ccs.login.microsoftonline.com",,"80,443",,False,Default,True,
56,Common,"Microsoft 365 Common and Office Online","*.msappproxy.net,*.msftidentity.com,*.msidentity.com,account.activedirectory.windowsazure.com,accounts.accesscontrol.windows.net,adminwebservice.microsoftonline.com,api.passwordreset.microsoftonline.com,autologon.microsoftazuread-sso.com,becws.microsoftonline.com,clientconfig.microsoftonline-p.net,companymanager.microsoftonline.com,device.login.microsoftonline.com,graph.microsoft.com,graph.windows.net,login.microsoft.com,login.microsoftonline.com,login.microsoftonline-p.com,login.windows.net,logincert.microsoftonline.com,loginex.microsoftonline.com,login-us.microsoftonline.com,nexus.microsoftonline-p.com,passwordreset.microsoftonline.com,provisioningapi.microsoftonline.com","13.106.4.128/25,13.106.56.0/25,20.190.128.0/18,40.126.0.0/18,65.54.170.128/25,104.44.218.128/25,104.44.254.128/25,104.44.255.0/25,134.170.67.0/25,134.170.172.128/25,157.55.45.128/25,157.55.130.0/25,157.55.145.0/25,157.55.155.0/25,157.55.227.192/26,191.232.2.128/25,2001:df0:d9:200::/64,2603:1006:2000::/48,2603:1007:200::/48,2603:1016:1400::/48,2603:1017::/48,2603:1020:201:2::/64,2603:1020:201:3::/64,2603:1026:3000::/48,2603:1027:1::/48,2603:1036:3000::/48,2603:1037:1::/48,2603:1046:2000::/48,2603:1047:1::/48,2603:1047:100::/64,2603:1056:2000::/48,2603:1057:2::/48,2a01:111:2005:6::/64,2a01:111:200a:a::/64,2a01:111:2035:8::/64,2a01:111:f406:1::/64,2a01:111:f406:2::/64,2a01:111:f406:c00::/64,2a01:111:f406:1004::/64,2a01:111:f406:1805::/64,2a01:111:f406:3404::/64,2a01:111:f406:8000::/64,2a01:111:f406:8801::/64,2a01:111:f406:a003::/64","80,443",,True,Allow,True,
59,Common,"Microsoft 365 Common and Office Online","*.microsoftonline.com,*.microsoftonline-p.com,*.msauth.net,*.msauthimages.net,*.msecnd.net,*.msftauth.net,*.msftauthimages.net,*.phonefactor.net,enterpriseregistration.windows.net,management.azure.com,policykeyservice.dc.ad.msft.net,secure.aadcdn.microsoftonline-p.com",,"80,443",,False,Default,True,
64,Common,"Microsoft 365 Common and Office Online","*.manage.office.com,*.protection.office.com,manage.office.com,protection.office.com","13.80.125.22/32,13.91.91.243/32,13.107.6.156/31,13.107.7.190/31,13.107.9.156/31,40.81.156.154/32,40.90.218.198/32,52.108.0.0/14,52.174.56.180/32,52.183.75.62/32,52.184.165.82/32,104.42.230.91/32,157.55.145.0/25,157.55.155.0/25,157.55.227.192/26,2603:1006:1400::/40,2603:1016:2400::/40,2603:1026:2400::/40,2603:1036:2400::/40,2603:1046:1400::/40,2603:1056:1400::/40,2a01:111:200a:a::/64,2a01:111:2035:8::/64,2a01:111:f406:1::/64,2a01:111:f406:c00::/64,2a01:111:f406:1004::/64,2a01:111:f406:1805::/64,2a01:111:f406:3404::/64,2a01:111:f406:8000::/64,2a01:111:f406:8801::/64,2a01:111:f406:a003::/64","443",,True,Allow,True,
65,Common,"Microsoft 365 Common and Office Online","*.portal.cloudappsecurity.com,account.office.net,admin.microsoft.com,home.office.com,portal.office.com,www.office.com","13.80.125.22/32,13.91.91.243/32,13.107.6.156/31,13.107.7.190/31,13.107.9.156/31,40.81.156.154/32,40.90.218.198/32,52.108.0.0/14,52.174.56.180/32,52.183.75.62/32,52.184.165.82/32,104.42.230.91/32,157.55.145.0/25,157.55.155.0/25,157.55.227.192/26,2603:1006:1400::/40,2603:1016:2400::/40,2603:1026:2400::/40,2603:1036:2400::/40,2603:1046:1400::/40,2603:1056:1400::/40,2a01:111:200a:a::/64,2a01:111:2035:8::/64,2a01:111:f406:1::/64,2a01:111:f406:c00::/64,2a01:111:f406:1004::/64,2a01:111:f406:1805::/64,2a01:111:f406:3404::/64,2a01:111:f406:8000::/64,2a01:111:f406:8801::/64,2a01:111:f406:a003::/64","80,443",,True,Allow,True,
66,Common,"Microsoft 365 Common and Office Online","apc.delve.office.com,aus.delve.office.com,can.delve.office.com,delve.office.com,delve-gcc.office.com,eur.delve.office.com,gbr.delve.office.com,ind.delve.office.com,jpn.delve.office.com,kor.delve.office.com,lam.delve.office.com,nam.delve.office.com,suite.office.net,webshell.suite.office.com",,"443",,False,Default,True,
67,Common,"Microsoft 365 Common and Office Online","*.blob.core.windows.net",,"443",,False,Default,False,"Security and Compliance Center eDiscovery export"
68,Common,"Microsoft 365 Common and Office Online","*.helpshift.com,*.localytics.com,analytics.localytics.com,api.localytics.com,connect.facebook.net,firstpartyapps.oaspapps.com,outlook.uservoice.com,prod.firstpartyapps.oaspapps.com.akadns.net,rink.hockeyapp.net,sdk.hockeyapp.net,telemetryservice.firstpartyapps.oaspapps.com,web.localytics.com,webanalytics.localytics.com,wus-firstpartyapps.oaspapps.com",,"443",,False,Default,False,"Portal and shared: 3rd party office integration. (including CDNs)"
69,Common,"Microsoft 365 Common and Office Online","*.aria.microsoft.com,*.events.data.microsoft.com",,"443",,False,Default,True,
70,Common,"Microsoft 365 Common and Office Online","*.o365weve.com,amp.azure.net,appsforoffice.microsoft.com,assets.onestore.ms,auth.gfx.ms,az826701.vo.msecnd.net,c1.microsoft.com,client.hip.live.com,contentstorage.osi.office.net,dgps.support.microsoft.com,docs.microsoft.com,msdn.microsoft.com,platform.linkedin.com,prod.msocdn.com,products.office.com,r1.res.office365.com,r4.res.office365.com,res.delve.office.com,shellprod.msocdn.com,support.content.office.net,support.microsoft.com,support.office.com,technet.microsoft.com,templates.office.com,videocontent.osi.office.net,videoplayercdn.osi.office.net",,"443",,False,Default,True,
71,Common,"Microsoft 365 Common and Office Online","*.office365.com","2603:1020:0:7::19c/128,2603:1020:0:7::4e1/128,2603:1020:200::682f:a1d8/128,2603:1020:201::3c4/128,2603:1020:201::5f2/128,2603:1020:201:a::2b1/128,2603:1020:300::33/128,2603:1020:400::26/128,2603:1020:600::1d3/128,2603:1020:600::1f0/128,2603:1020:600::21f/128,2603:1020:700::1cb/128,2603:1020:700::215/128,2603:1030:603::6a/128,2603:1030:603::72/128,2603:1030:603::3c9/128,2603:1030:a02::118/128,2603:1030:a02::367/128,2603:1040:200::111/128,2603:1040:200::325/128,2603:1040:400::5d/128,2603:1040:400::5e/128,2603:1040:400::7b/128,2603:1040:400::2f4/128,2603:1040:401::c/128,2603:1040:401::57/128,2603:1040:401::597/128,2603:1040:601::2f/128,2603:1040:601::4e/128,2603:1040:601::1e7/128,2603:1040:601::26f/128,2603:1040:601::36c/128,2801:80:1d0:1c00::/64,2a01:111:2003::/48,2a01:111:202c::/48,2a01:111:202d::/48,2a01:111:202e::/48,2a01:111:202e::156/128,2a01:111:202e::190/128,2a01:111:202e::191/128,2a01:111:f100:1002::4134:c0cb/128,2a01:111:f100:1002::4134:c440/128,2a01:111:f100:1002::4134:d93c/128,2a01:111:f100:1002::4134:d9ee/128,2a01:111:f100:1003::4134:3644/128,2a01:111:f100:1003::4134:36d5/128,2a01:111:f100:1004::4134:f0c8/128,2a01:111:f100:2000::a83e:3349/128,2a01:111:f100:2002::8975:2c33/128,2a01:111:f100:2002::8975:2cbc/128,2a01:111:f100:2002::8975:2d11/128,2a01:111:f100:2002::8975:2d43/128,2a01:111:f100:2002::8975:2d92/128,2a01:111:f100:2002::8975:2d98/128,2a01:111:f100:3000::a83e:1a8c/128,2a01:111:f100:3002::8987:320c/128,2a01:111:f100:3002::8987:342a/128,2a01:111:f100:3002::8987:3552/128,2a01:111:f100:3002::8987:358e/128,2a01:111:f100:4001::4625:609b/128,2a01:111:f100:4001::4625:61ea/128,2a01:111:f100:4001::4625:a065/128,2a01:111:f100:4001::4625:a1e3/128,2a01:111:f100:4001::4625:a248/128,2a01:111:f100:4001::4625:a4b4/128,2a01:111:f100:4002::9d37:c021/128,2a01:111:f100:4002::9d37:c08f/128,2a01:111:f100:4002::9d37:c11a/128,2a01:111:f100:6000::4134:a2af/128,2a01:111:f100:6000::4134:a591/128,2a01:111:f100:6000::4134:b0ba/128,2a01:111:f100:6000::4134:b84b/128,2a01:111:f100:7000::6fdd:50bb/128,2a01:111:f100:7000::6fdd:568a/128,2a01:111:f100:7000::6fdd:6095/128,2a01:111:f100:7000::6fdd:682b/128,2a01:111:f100:7000::6fdd:699d/128,2a01:111:f100:7000::6fdd:6b20/128,2a01:111:f100:7000::6fdd:6b76/128,2a01:111:f100:7000::6fdd:6cac/128,2a01:111:f100:7000::6fdd:6fc4/128,2a01:111:f100:8000::4134:902e/128,2a01:111:f100:8000::4134:941b/128,2a01:111:f100:8001::d5c7:8077/128,2a01:111:f100:9001::1761:91cb/128,2a01:111:f100:9001::1761:9642/128,2a01:111:f100:a000::5ef5:581c/128,2a01:111:f100:a000::5ef5:6c55/128,2a01:111:f100:a001::a83f:5c85/128,2a01:111:f100:a004::bfeb:8aa2/128,2a01:111:f100:a004::bfeb:8c89/128,2a01:111:f100:a004::bfeb:8cb8/128,2a01:111:f100:a004::bfeb:8deb/128,2a01:111:f102:8001::1761:4237/128,2a01:111:f102:8001::1761:4daf/128,2a01:111:f102:8001::1761:4f8a/128,2a01:111:f406:1000::/64,2a01:111:f406:1801::/64","443",,False,Default,True,
72,Common,"Microsoft 365 Common and Office Online","*.cloudapp.net",,"443",,False,Default,False,"Azure Rights Management (RMS) with Office 2010 clients"
73,Common,"Microsoft 365 Common and Office Online","*.aadrm.com,*.azurerms.com,*.informationprotection.azure.com,ecn.dev.virtualearth.net,informationprotection.hosting.portal.azure.net",,"443",,False,Default,True,
74,Common,"Microsoft 365 Common and Office Online","testconnectivity.microsoft.com",,"80,443",,False,Default,False,"Remote Connectivity Analyzer - Initiate connectivity tests."
75,Common,"Microsoft 365 Common and Office Online","*.hockeyapp.net,*.sharepointonline.com,*.staffhub.office.com,api.office.com,cdn.forms.office.net,dc.applicationinsights.microsoft.com,dc.services.visualstudio.com,forms.microsoft.com,forms.office.com,mem.gfx.ms,office365servicehealthcommunications.cloudapp.net,securescore.office.com,signup.microsoft.com,staffhub.ms,staffhub.office.com,staffhub.uservoice.com,staffhubweb.azureedge.net,watson.telemetry.microsoft.com",,"443",,False,Default,False,"Graph.windows.net, Office 365 Management Pack for Operations Manager, SecureScore, Azure AD Device Registration, Forms, StaffHub, Application Insights, captcha services"
76,Common,"Microsoft 365 Common and Office Online","vortex.data.microsoft.com",,"443",,False,Default,False,"Microsoft Azure RemoteApp"
77,Common,"Microsoft 365 Common and Office Online","nexus.officeapps.live.com,nexusrules.officeapps.live.com,portal.microsoftonline.com","13.107.6.171/32,13.107.140.6/32,52.108.0.0/14,52.238.106.116/32,52.247.150.191/32,2603:1010:2::cb/128,2603:1010:200::c7/128,2603:1020:200::682f:a0fd/128,2603:1020:201:9::c6/128,2603:1020:600::a1/128,2603:1020:700::a2/128,2603:1020:800:2::6/128,2603:1020:900::8/128,2603:1030:7::749/128,2603:1030:800:5::bfee:ad3c/128,2603:1030:f00::17/128,2603:1030:1000::21a/128,2603:1040:200::4f3/128,2603:1040:401::762/128,2603:1040:601::60f/128,2603:1040:a01::1e/128,2603:1040:c01::28/128,2603:1040:e00:1::2f/128,2603:1040:f00::1f/128,2603:1050:1::cd/128,2620:1ec:8fc::6/128,2620:1ec:a92::171/128,2a01:111:f100:2000::a83e:3019/128,2a01:111:f100:2002::8975:2d79/128,2a01:111:f100:2002::8975:2da8/128,2a01:111:f100:7000::6fdd:6cd5/128,2a01:111:f100:a004::bfeb:88cf/128","443",,True,Allow,True,
78,Common,"Microsoft 365 Common and Office Online","*.microsoft.com,*.msocdn.com,*.office.net,*.onmicrosoft.com",,"80,443",,False,Default,False,"Some Office 365 features require endpoints within these domains (including CDNs). Many specific FQDNs within these wildcards have been published recently as we work to either remove or better explain our guidance relating to these wildcards."
79,Common,"Microsoft 365 Common and Office Online","o15.officeredir.microsoft.com,ocsredir.officeapps.live.com,officepreviewredir.microsoft.com,officeredir.microsoft.com,r.office.microsoft.com",,"80,443",,False,Default,True,
80,Common,"Microsoft 365 Common and Office Online","ocws.officeapps.live.com",,"443",,False,Default,True,
81,Common,"Microsoft 365 Common and Office Online","odc.officeapps.live.com",,"80,443",,False,Default,True,
82,Common,"Microsoft 365 Common and Office Online","roaming.officeapps.live.com",,"80,443",,False,Default,True,
83,Common,"Microsoft 365 Common and Office Online","activation.sls.microsoft.com",,"443",,False,Default,True,
84,Common,"Microsoft 365 Common and Office Online","crl.microsoft.com",,"80,443",,False,Default,True,
85,Common,"Microsoft 365 Common and Office Online","ols.officeapps.live.com",,"443",,False,Default,True,
86,Common,"Microsoft 365 Common and Office Online","office15client.microsoft.com,officeclient.microsoft.com",,"443",,False,Default,True,
87,Common,"Microsoft 365 Common and Office Online","ocsa.officeapps.live.com",,"80,443",,False,Default,True,
88,Common,"Microsoft 365 Common and Office Online","insertmedia.bing.office.net",,"80,443",,False,Default,True,
89,Common,"Microsoft 365 Common and Office Online","go.microsoft.com,support.office.com",,"80,443",,False,Default,True,
90,Common,"Microsoft 365 Common and Office Online","mrodevicemgr.officeapps.live.com",,"443",,False,Default,True,
91,Common,"Microsoft 365 Common and Office Online","ajax.aspnetcdn.com,cdn.odc.officeapps.live.com",,"80,443",,False,Default,True,
92,Common,"Microsoft 365 Common and Office Online","officecdn.microsoft.com,officecdn.microsoft.com.edgesuite.net",,"80,443",,False,Default,True,
93,Common,"Microsoft 365 Common and Office Online","ajax.microsoft.com,c.bing.net,excelbingmap.firstpartyapps.oaspapps.com,excelcs.officeapps.live.com,ocos-office365-s2s.msedge.net,omextemplates.content.office.net,peoplegraph.firstpartyapps.oaspapps.com,pptcs.officeapps.live.com,store.office.com,templateservice.office.com,tse1.mm.bing.net,uci.officeapps.live.com,watson.microsoft.com,wikipedia.firstpartyapps.oaspapps.com,wordcs.officeapps.live.com,www.bing.com",,"80,443",,False,Default,False,"ProPlus: auxiliary URLs"
95,Common,"Microsoft 365 Common and Office Online","*.acompli.net,*.outlookmobile.com",,"443",,False,Default,False,"Outlook for Android and iOS"
96,Common,"Microsoft 365 Common and Office Online","*.manage.microsoft.com,api.office.com,go.microsoft.com,login.windows-ppe.net,secure.aadcdn.microsoftonline-p.com,vortex.data.microsoft.com",,"443",,False,Default,False,"Outlook for Android and iOS: Authentication"
97,Common,"Microsoft 365 Common and Office Online","account.live.com,apis.live.net,auth.gfx.ms,login.live.com",,"443",,False,Default,False,"Outlook for Android and iOS: Consumer Outlook.com and OneDrive integration"
98,Common,"Microsoft 365 Common and Office Online","accounts.google.com,mail.google.com,www.googleapis.com",,"443",,False,Default,False,"Outlook for Android and iOS: Google integration"
99,Common,"Microsoft 365 Common and Office Online","api.login.yahoo.com,social.yahooapis.com",,"443",,False,Default,False,"Outlook for Android and iOS: Yahoo integration"
100,Common,"Microsoft 365 Common and Office Online","api.dropboxapi.com,www.dropbox.com",,"443",,False,Default,False,"Outlook for Android and iOS: DropBox integration"
101,Common,"Microsoft 365 Common and Office Online","app.box.com",,"443",,False,Default,False,"Outlook for Android and iOS: Box integration"
102,Common,"Microsoft 365 Common and Office Online","graph.facebook.com,m.facebook.com",,"443",,False,Default,False,"Outlook for Android and iOS: Facebook integration"
103,Common,"Microsoft 365 Common and Office Online","www.evernote.com",,"443",,False,Default,False,"Outlook for Android and iOS: Evernote integration"
104,Common,"Microsoft 365 Common and Office Online","a.wunderlist.com,www.wunderlist.com",,"443",,False,Default,False,"Outlook for Android and iOS: WunderList integration"
105,Common,"Microsoft 365 Common and Office Online","bit.ly,www.acompli.com",,"443",,False,Default,False,"Outlook for Android and iOS: Outlook Privacy"
106,Common,"Microsoft 365 Common and Office Online","by.uservoice.com,outlook.uservoice.com",,"443",,False,Default,False,"Outlook for Android and iOS: User voice integration"
107,Common,"Microsoft 365 Common and Office Online","api.diagnostics.office.com",,"443",,False,Default,False,"Outlook for Android and iOS: Log upload integration"
109,Common,"Microsoft 365 Common and Office Online","data.flurry.com",,"443",,False,Default,False,"Outlook for Android and iOS: Flurry log integration"
110,Common,"Microsoft 365 Common and Office Online","app.adjust.com",,"443",,False,Default,False,"Outlook for Android and iOS: Adjust integration"
111,Common,"Microsoft 365 Common and Office Online","rink.hockeyapp.net,sdk.hockeyapp.net",,"443",,False,Default,False,"Outlook for Android and iOS: Hockey log integration"
112,Common,"Microsoft 365 Common and Office Online","acompli.helpshift.com",,"443",,False,Default,False,"Outlook for Android and iOS: Helpshift integration"
113,Common,"Microsoft 365 Common and Office Online","play.google.com",,"443",,False,Default,False,"Outlook for Android and iOS: Play Store integration (Android only)"
114,Common,"Microsoft 365 Common and Office Online","*.appex.bing.com,*.appex-rf.msn.com,*.itunes.apple.com,c.bing.com,c.live.com,cl2.apple.com,client.hip.live.com,d.docs.live.net,directory.services.live.com,docs.live.net,en-us.appex-rf.msn.com,foodanddrink.services.appex.bing.com,odcsm.officeapps.live.com,office.microsoft.com,officeimg.vo.msecnd.net,partnerservices.getmicrosoftkey.com,roaming.officeapps.live.com,sas.office.microsoft.com,signup.live.com,view.atdmt.com,watson.telemetry.microsoft.com,weather.tile.appex.bing.com",,"80,443",,False,Default,False,"Office Mobile URLs"
115,Common,"Microsoft 365 Common and Office Online","api.meetup.com,secure.meetup.com",,"443",,False,Default,False,"Outlook for Android and iOS: Meetup integration"
116,Common,"Microsoft 365 Common and Office Online","account.live.com,auth.gfx.ms,c.bing.com,c.live.com,cl2.apple.com,client.hip.live.com,directory.services.live.com,docs.live.net,en-us.appex-rf.msn.com,foodanddrink.services.appex.bing.com,go.microsoft.com,login.live.com,office.microsoft.com,officeimg.vo.msecnd.net,p100-sandbox.itunes.apple.com,partnerservices.getmicrosoftkey.com,roaming.officeapps.live.com,sas.office.microsoft.com,signup.live.com,view.atdmt.com,watson.telemetry.microsoft.com,weather.tile.appex.bing.com",,"80,443",,False,Default,False,"Office for iPad URLs"
117,Common,"Microsoft 365 Common and Office Online","*.yammer.com,*.yammerusercontent.com",,"443",,False,Default,False,"Yammer"
118,Common,"Microsoft 365 Common and Office Online","*.assets-yammer.com",,"443",,False,Default,False,"Yammer CDN"
119,Common,"Microsoft 365 Common and Office Online","tasks.office.com",,"443",,False,Default,False,"Planner"
120,Common,"Microsoft 365 Common and Office Online","ajax.aspnetcdn.com",,"443",,False,Default,False,"Planner CDNs"
121,Common,"Microsoft 365 Common and Office Online","www.outlook.com",,"80,443",,False,Default,False,"Planner: auxiliary URLs"
122,Common,"Microsoft 365 Common and Office Online","eus-www.sway-cdn.com,eus-www.sway-extensions.com,wus-www.sway-cdn.com,wus-www.sway-extensions.com",,"443",,False,Default,False,"Sway CDNs"
123,Common,"Microsoft 365 Common and Office Online","www.google-analytics.com",,"443",,False,Default,False,"Sway website analytics"
124,Common,"Microsoft 365 Common and Office Online","sway.com,sway.office.com,www.sway.com",,"443",,False,Default,False,"Sway"
125,Common,"Microsoft 365 Common and Office Online","*.entrust.net,*.geotrust.com,*.omniroot.com,*.public-trust.com,*.symcb.com,*.symcd.com,*.verisign.com,*.verisign.net,aia.entrust.net,apps.identrust.com,cacert.a.omniroot.com,cacert.omniroot.com,cacerts.digicert.com,cdp1.public-trust.com,cert.int-x3.letsencrypt.org,crl.entrust.net,crl.globalsign.com,crl.globalsign.net,crl.identrust.com,crl.microsoft.com,crl3.digicert.com,crl4.digicert.com,evintl-aia.verisign.com,evintl-crl.verisign.com,evintl-ocsp.verisign.com,evsecure-aia.verisign.com,evsecure-crl.verisign.com,evsecure-ocsp.verisign.com,isrg.trustid.ocsp.identrust.com,mscrl.microsoft.com,ocsp.digicert.com,ocsp.entrust.net,ocsp.globalsign.com,ocsp.int-x3.letsencrypt.org,ocsp.msocsp.com,ocsp.omniroot.com,ocsp2.globalsign.com,ocspx.digicert.com,s1.symcb.com,s2.symcb.com,sa.symcb.com,sd.symcb.com,secure.globalsign.com,sr.symcb.com,sr.symcd.com,su.symcb.com,su.symcd.com,vassg142.crl.omniroot.com,vassg142.ocsp.omniroot.com,www.digicert.com,www.microsoft.com",,"80,443",,False,Default,True,
126,Common,"Microsoft 365 Common and Office Online","officespeech.platform.bing.com",,"443",,False,Default,False,"Connection to the speech service is required for Office Dictation features. If connectivity is not allowed, Dictation will be disabled."
128,Common,"Microsoft 365 Common and Office Online","*.manage.microsoft.com,*.officeconfig.msocdn.com,config.office.com",,"443",,False,Default,False,"Blocking this endpoint will affect Office 365 ProPlus and other Click-to-Run deployment features in including deployment via Configuration Manager and Intune as well as Office policy management."
130,Common,"Microsoft 365 Common and Office Online","*.loki.delve.office.com,loki.delve.office.com,loki.delve-gcc.office.com,lpcres.delve.office.com",,"443",,False,Default,True,
145,Exchange,"Exchange Online","*.measure.office.com",,"80,443",,False,Default,False,"This Endpoint is used for Telemetry Purposes."
147,Common,"Microsoft 365 Common and Office Online","*.office.com",,"80,443",,False,Default,True,
148,Common,"Microsoft 365 Common and Office Online","cdnprod.myanalytics.microsoft.com,myanalytics.microsoft.com,myanalytics-gcc.microsoft.com",,"80,443",,False,Default,True,
149,Common,"Microsoft 365 Common and Office Online","workplaceanalytics.cdn.office.net,workplaceanalytics.office.com",,"80,443",,False,Default,True,
